"","b_asc_smlr","b_asc_grtr"
"b_asc_smlr",0.00328548000922614,0.00180180006928475
"b_asc_grtr",0.00180180006928475,0.00386365720664708
