"","b_asc_same","b_asc_grtr"
"b_asc_same",0.00304079012768132,0.00158729911184238
"b_asc_grtr",0.00158729911184238,0.00411254991316861
