"","b_asc_same","b_asc_grtr"
"b_asc_same",0.00304079029650412,0.00158729663743391
"b_asc_grtr",0.00158729663743391,0.00411254571381636
