"b_asc_smlr","b_asc_grtr","logLike"
0,0,-1883.02146277714
0,0,-1883.02146277714
0,0,-1883.02146277714
0.164266666615731,-0.138133333166479,-1867.35685212668
0.187786506651909,-0.112193818813362,-1867.31618132331
0.194560973671544,-0.134891643060347,-1867.19027328721
0.194260755612045,-0.134820896155778,-1867.1902499679
