"","b_asc_smlr","b_asc_grtr"
"b_asc_smlr",0.00328547869121858,0.00180179833697355
"b_asc_grtr",0.00180179833697355,0.00386365694155648
